Age;Job;Marital;Education;Default;Balance;HHInsurance;CarLoan;Communication;LastContactDay;NoOfContacts;DaysPassed;PrevAttempts;Outcome;CarInsurance;ConnectionTime;DayPeriod;LastContactMonthNum
29;4;2;3;0;637;1;0;0;3;1;119;1;0;1;340.0;2;6
32;9;2;3;0;1625;0;0;0;22;1;109;1;0;1;796.0;2;5
61;4;2;3;0;2;0;0;0;12;1;114;3;0;1;131.0;2;8
49;1;1;2;0;2039;1;0;0;6;1;169;2;0;1;451.0;2;5
80;5;1;2;0;8304;0;0;1;8;3;91;13;1;1;606.0;2;9
63;5;1;2;0;2896;0;0;0;1;1;119;2;1;1;304.0;2;7
54;9;1;2;0;0;0;0;1;30;3;84;3;1;1;766.0;1;4
32;0;2;2;0;6981;1;0;0;2;1;194;3;0;0;154.0;1;6
40;0;1;2;0;2574;1;0;0;15;1;176;1;0;1;432.0;1;5
31;0;1;2;0;457;1;0;0;21;1;171;5;0;0;283.0;2;11
46;2;0;2;0;1187;0;1;0;13;1;327;1;0;0;92.0;2;10
55;9;0;2;0;3450;0;0;0;10;1;183;1;0;1;169.0;2;2
34;4;2;3;0;11350;1;0;0;15;1;176;1;0;0;153.0;2;5
19;8;2;1;0;103;0;0;0;18;2;95;4;0;0;177.0;2;1
31;4;1;3;0;1331;0;0;0;30;1;86;3;1;1;297.0;1;4
62;5;1;2;0;569;0;0;0;4;5;184;1;1;1;94.0;2;2
33;4;1;3;0;1514;0;0;0;10;1;728;2;0;1;447.0;2;8
57;1;1;1;0;3109;0;0;0;15;2;105;2;1;1;107.0;2;9
37;9;0;3;0;1762;1;0;0;16;1;317;1;0;0;309.0;2;4
33;1;2;1;0;60;1;0;0;14;1;290;2;0;0;74.0;2;5
52;9;1;3;0;0;0;0;0;9;3;94;4;1;0;145.0;2;8
36;9;2;3;0;391;1;0;0;15;1;350;8;0;0;185.0;1;5
57;4;0;3;0;854;0;0;0;27;4;92;1;0;1;700.0;1;8
62;5;1;2;0;569;0;0;0;4;1;1;8;1;1;288.0;2;8
61;6;0;3;0;52587;0;0;0;15;3;189;1;1;1;394.0;2;2
54;7;0;2;0;0;0;0;0;18;1;290;3;1;1;362.0;1;3
29;6;2;3;0;1579;0;0;0;13;1;92;5;1;1;190.0;1;10
50;9;0;2;0;0;0;0;0;29;1;120;2;0;1;159.0;1;9
45;0;1;2;0;205;0;0;0;4;1;90;2;1;1;552.0;2;5
30;4;2;3;0;985;1;0;0;25;1;94;2;1;1;304.0;2;10
41;8;2;2;0;595;1;0;0;18;1;107;2;1;0;22.0;2;9
43;4;1;3;0;3186;0;0;0;16;1;88;1;0;1;380.0;2;11
31;1;1;1;0;290;1;0;0;15;1;291;3;0;0;148.0;2;5
41;1;1;1;0;3658;1;0;0;9;1;330;1;0;0;268.0;2;4
46;4;1;3;0;699;0;0;0;30;1;87;1;0;1;970.0;2;4
51;0;1;2;0;423;1;1;0;16;5;183;2;0;0;84.0;1;7
55;9;0;3;0;0;0;0;0;17;2;91;1;1;1;134.0;1;11
34;7;1;2;0;790;1;0;0;20;2;350;1;0;0;579.0;2;4
32;4;2;3;0;623;0;0;0;6;3;194;2;0;1;335.0;1;7
45;4;1;3;0;160;0;0;0;10;2;194;1;1;1;182.0;1;11
55;5;0;3;0;0;0;0;0;18;1;370;1;1;1;616.0;2;5
26;8;2;3;0;641;1;0;0;15;1;368;1;0;0;55.0;2;5
33;9;1;2;0;218;1;1;0;10;1;161;4;0;0;162.0;2;8
43;9;2;2;0;11115;0;0;0;23;1;74;2;1;1;476.0;2;10
41;4;2;2;0;942;0;0;0;27;1;188;1;1;1;143.0;2;10
48;1;1;2;0;1730;1;0;0;4;1;178;2;0;1;489.0;2;2
46;9;1;2;0;6993;1;0;0;17;3;148;1;1;0;326.0;1;4
61;1;1;1;0;5;0;0;0;6;2;94;3;1;1;562.0;2;8
48;10;0;2;0;201;0;0;0;10;2;92;2;1;1;406.0;2;2
60;5;0;2;0;514;0;0;0;15;2;213;10;1;1;187.0;1;10
31;8;2;3;0;4951;0;0;0;17;3;81;3;0;1;285.0;2;9
47;7;1;2;0;1160;1;0;0;3;2;221;4;0;0;117.0;1;2
25;6;2;3;0;42;1;0;0;5;1;94;1;1;1;149.0;2;6
23;7;2;2;0;279;1;0;0;18;1;370;1;0;1;843.0;2;5
30;4;2;3;0;2344;1;0;0;20;2;92;3;0;0;316.0;2;10
30;8;2;2;0;1779;0;0;0;11;1;433;1;1;1;233.0;2;8
32;4;2;3;0;933;1;0;0;12;4;307;1;0;0;147.0;2;5
42;1;1;2;0;3;1;0;1;20;1;190;1;0;0;47.0;2;11
38;9;2;2;0;1255;1;0;0;6;1;170;4;0;0;120.0;2;5
33;7;1;2;0;386;0;0;0;12;1;92;4;0;1;253.0;2;11
47;1;1;2;0;1568;1;0;0;19;1;262;7;1;1;388.0;1;2
31;9;2;3;0;438;1;0;0;20;1;100;2;0;0;165.0;2;11
27;1;2;2;0;535;0;0;0;16;3;95;4;1;1;265.0;2;8
53;4;1;2;0;2240;1;0;0;2;2;385;1;1;1;282.0;2;6
32;4;1;2;0;625;1;0;0;2;1;56;2;0;0;352.0;2;6
41;0;0;2;0;4;1;0;0;5;1;211;1;0;0;232.0;1;2
23;8;2;2;0;480;0;0;0;9;2;182;1;0;1;742.0;2;2
64;5;1;2;0;4787;0;0;0;28;1;182;1;1;1;392.0;2;4
35;3;1;3;0;1265;1;0;0;15;5;179;4;0;1;326.0;2;5
33;0;1;2;0;1737;0;0;0;14;2;106;2;0;0;228.0;2;8
51;1;0;1;0;-19;1;0;0;13;1;296;11;0;1;829.0;2;5
77;5;1;1;0;992;0;0;0;27;2;182;2;0;0;147.0;2;4
45;7;0;2;0;608;1;1;0;7;3;323;30;0;1;1135.0;2;5
33;7;1;2;0;387;1;0;0;7;2;138;2;0;0;327.0;2;4
35;4;2;3;0;62;1;0;0;5;4;15;3;1;0;214.0;1;5
33;1;2;3;0;129;1;1;0;30;1;161;1;0;1;482.0;2;4
32;0;2;2;0;678;1;0;0;4;1;246;4;0;1;1579.0;2;2
26;9;2;2;0;1231;1;0;0;4;1;93;7;1;1;230.0;2;9
29;3;2;3;0;19;0;0;0;3;1;230;1;1;1;274.0;2;12
33;0;2;3;0;272;1;0;0;1;2;92;3;1;1;293.0;1;9
32;7;1;2;0;983;1;0;0;20;2;133;1;0;1;500.0;2;11
34;9;1;2;0;1072;0;1;0;5;1;252;2;0;0;136.0;2;2
48;9;1;2;0;1981;1;0;0;16;3;238;2;1;0;291.0;1;3
40;1;1;1;0;830;1;0;0;13;3;370;2;0;1;873.0;2;5
33;4;2;3;0;718;1;0;0;6;1;98;2;1;1;122.0;1;4
42;1;1;2;0;2913;0;0;0;3;1;195;1;0;1;705.0;2;6
56;1;1;1;0;284;0;1;1;3;4;204;4;0;0;124.0;2;2
51;7;2;2;0;516;1;0;0;13;1;363;1;0;0;370.0;2;5
31;9;2;2;0;846;0;0;0;26;3;205;2;0;1;405.0;2;5
38;7;1;2;0;775;0;0;0;12;3;182;2;1;1;1835.0;2;2
32;9;2;2;0;6402;1;0;0;6;1;167;1;1;0;158.0;2;5
43;4;1;3;0;1429;1;0;0;7;1;169;3;1;1;1030.0;1;5
27;1;2;2;0;535;0;0;0;15;1;91;2;1;1;171.0;2;2
34;0;1;1;0;412;1;0;0;13;1;287;2;0;0;217.0;2;5
72;5;1;2;0;5715;0;0;0;17;5;184;3;1;1;1127.0;1;11
38;2;0;2;0;1190;1;0;0;7;4;186;5;1;0;347.0;2;12
61;5;1;2;0;86;0;0;0;25;1;94;1;1;1;639.0;2;1
36;4;1;3;0;203;0;0;0;25;1;88;1;1;1;255.0;2;1
29;4;2;3;0;560;0;0;0;5;1;307;1;0;1;459.0;2;4
44;4;2;2;0;-228;1;1;0;13;1;362;2;0;0;38.0;1;5
68;5;1;3;0;2812;0;0;0;4;1;1;7;1;1;651.0;2;8
56;4;1;3;0;505;1;1;0;17;1;172;2;0;0;171.0;1;11
22;8;2;2;0;216;0;0;0;8;1;187;1;1;1;363.0;1;2
31;10;1;2;0;314;1;0;0;20;3;178;7;0;1;1341.0;2;11
39;7;1;2;0;25;1;1;0;12;1;351;3;0;1;658.0;2;5
53;4;1;3;0;1356;1;0;0;9;2;96;4;0;0;371.0;2;11
34;1;1;2;0;320;1;0;0;12;1;828;2;0;1;352.0;2;8
37;4;1;3;0;2987;1;0;0;15;1;91;9;0;1;93.0;2;2
34;1;1;2;0;320;1;0;0;12;1;92;3;1;1;413.0;1;11
43;7;1;2;0;774;0;0;0;24;1;91;2;1;1;482.0;2;6
45;0;0;2;0;397;1;1;0;22;1;95;2;1;1;582.0;2;5
47;0;0;2;0;2232;0;0;0;27;1;103;1;1;1;439.0;1;5
39;0;1;2;0;3732;1;0;0;18;1;181;2;0;0;515.0;2;11
50;4;1;3;0;5969;0;0;0;25;1;544;2;0;1;455.0;2;1
64;5;1;1;0;12067;0;0;1;30;2;92;2;1;1;367.0;1;7
47;9;1;2;0;1167;1;0;0;2;3;73;2;1;0;139.0;1;2
40;9;1;3;0;1293;0;0;0;16;3;105;2;1;1;1702.0;2;9
47;4;1;3;0;109;1;0;0;16;2;268;1;0;0;91.0;1;4
30;9;2;2;0;-522;1;1;0;5;2;286;6;0;1;670.0;1;5
43;1;1;2;0;171;1;0;0;13;1;364;1;0;0;96.0;2;5
34;7;0;2;0;797;1;0;0;20;1;126;1;0;0;88.0;2;11
25;4;2;3;0;2305;0;0;0;12;2;104;2;0;0;222.0;1;8
59;10;1;2;0;1625;0;0;0;4;1;180;2;1;1;198.0;2;8
29;4;2;3;0;874;1;0;0;16;1;103;1;1;1;152.0;1;9
58;5;0;3;0;5253;0;0;0;9;4;295;3;0;0;162.0;1;4
44;9;1;3;0;1818;1;1;0;3;1;92;4;0;1;508.0;2;2
30;0;2;2;0;3528;0;0;0;4;1;92;2;0;1;250.0;2;8
44;1;2;1;0;36;1;0;0;15;1;371;2;0;1;551.0;2;5
34;1;1;2;0;262;0;0;0;15;2;106;1;1;1;89.0;1;9
33;4;2;3;0;1781;0;0;0;8;2;183;1;1;1;611.0;1;10
77;5;1;1;0;2223;0;0;1;10;2;187;1;1;0;365.0;2;8
26;2;2;2;0;101;1;0;0;5;1;268;1;0;1;810.0;2;2
30;1;1;2;0;501;1;1;0;20;1;177;1;0;1;994.0;1;11
33;0;1;2;0;920;0;0;0;16;1;95;2;0;1;130.0;1;11
53;4;1;1;0;798;1;0;1;2;1;217;2;0;0;45.0;2;2
51;4;1;3;0;2635;0;0;0;1;1;98;2;0;1;181.0;2;9
49;7;1;2;0;202;1;0;0;17;2;104;1;0;1;651.0;2;11
32;4;2;3;0;4262;1;0;0;20;1;152;1;0;0;246.0;2;4
25;9;2;2;0;1105;1;0;0;30;1;13;1;0;0;195.0;2;4
79;5;0;2;0;631;0;0;1;9;5;182;3;0;0;440.0;2;8
59;9;1;1;0;4198;0;0;0;14;1;91;10;1;1;309.0;2;1
28;1;2;2;0;-46;1;0;0;1;2;91;12;1;1;154.0;2;6
58;7;0;2;0;462;0;0;0;13;1;93;1;1;1;495.0;2;11
35;9;2;2;0;1183;1;0;0;21;3;185;2;0;0;21.0;2;11
40;4;2;3;0;3840;1;0;0;24;2;409;2;1;1;232.0;1;9
38;4;1;3;0;93;1;0;0;25;1;272;4;0;0;74.0;2;5
32;4;0;3;0;530;1;0;0;24;1;114;2;0;0;91.0;2;9
53;1;1;2;0;6112;0;0;0;30;1;86;1;1;0;211.0;1;4
56;2;0;1;0;29;0;0;0;29;2;227;1;0;0;52.0;2;1
30;4;2;3;0;697;0;0;0;28;2;181;8;1;1;545.0;1;4
80;5;1;1;0;155;0;0;1;12;1;93;2;1;1;290.0;2;3
33;9;1;3;0;525;1;1;0;30;1;247;1;0;0;499.0;2;1
54;4;1;3;0;8295;0;0;0;2;2;119;1;1;1;849.0;2;10
56;7;2;2;0;-40;1;0;0;15;1;368;2;0;1;311.0;2;5
37;1;2;2;0;2235;1;0;0;20;2;151;2;0;0;419.0;1;4
24;8;2;2;0;23878;0;0;0;26;1;97;1;1;1;133.0;1;5
37;4;1;3;0;630;0;0;0;30;1;87;1;1;1;315.0;2;4
71;5;1;3;0;653;0;0;1;3;1;189;1;1;1;471.0;2;9
37;9;1;2;0;474;1;0;0;14;1;322;1;0;0;85.0;2;4
33;7;1;2;0;255;1;1;0;5;4;165;4;0;0;237.0;1;5
37;4;2;3;0;62;1;0;0;2;2;272;8;1;1;428.0;1;8
43;7;1;3;0;4216;0;0;0;24;2;195;2;1;1;150.0;2;12
38;1;1;1;0;3289;0;0;0;20;2;164;2;0;0;340.0;2;11
30;1;2;1;0;694;1;1;0;18;1;306;4;1;0;599.0;2;5
33;4;1;2;0;2858;1;1;0;12;1;298;5;0;0;175.0;2;5
36;4;2;3;0;2646;0;0;0;13;1;182;10;1;1;169.0;2;10
53;7;0;2;0;36;1;1;0;2;1;417;1;1;1;25.0;2;7
43;1;1;2;0;1109;1;0;0;2;3;264;2;0;0;115.0;2;2
72;5;2;3;0;1285;0;0;1;2;5;98;2;0;0;179.0;2;11
47;4;1;3;0;4693;0;1;0;12;1;97;3;1;1;89.0;2;11
57;9;0;2;0;77;1;1;0;29;3;246;2;0;0;168.0;2;1
31;7;0;1;0;459;1;0;0;7;1;293;1;1;1;623.0;2;5
33;7;1;2;0;386;0;0;0;12;1;181;5;1;1;317.0;2;5
42;10;1;2;0;1289;0;0;0;15;4;415;2;0;1;250.0;2;7
60;4;1;3;0;3401;0;0;0;30;1;270;1;0;1;294.0;1;10
35;6;2;3;0;1129;1;0;0;21;2;184;2;0;0;64.0;2;11
48;4;0;3;0;-130;1;0;0;29;2;61;9;0;0;110.0;2;9
30;0;2;2;0;315;1;0;0;14;3;346;4;0;1;884.0;2;5
23;8;2;2;0;431;0;0;0;15;3;186;2;1;1;201.0;2;2
62;5;1;2;0;1495;0;0;0;13;1;57;2;1;1;896.0;2;10
34;1;2;2;0;-90;1;0;0;18;1;370;1;0;0;20.0;2;5
61;5;1;2;0;938;0;0;0;15;2;183;3;1;1;392.0;2;7
31;9;2;3;0;882;0;0;0;4;1;93;1;1;1;293.0;2;9
37;1;1;1;0;655;1;0;0;5;2;258;4;0;0;127.0;2;2
36;7;1;1;0;413;1;0;1;13;1;176;1;0;0;60.0;2;5
49;4;2;3;0;7443;0;0;1;19;5;211;2;0;1;293.0;2;6
31;6;2;3;0;1815;0;0;1;30;1;80;1;1;0;107.0;2;4
29;4;2;3;0;502;0;0;0;8;1;87;5;0;1;968.0;1;7
38;0;1;3;0;1988;0;0;0;2;1;67;4;1;1;103.0;2;6
37;10;1;2;0;1978;0;0;0;9;1;182;1;1;1;404.0;1;9
29;9;2;2;0;-219;1;0;0;15;3;368;2;0;0;85.0;2;5
37;4;1;1;0;1506;0;0;0;2;3;80;3;1;0;101.0;2;11
36;4;1;3;0;495;0;0;0;5;3;97;2;1;1;157.0;2;8
32;4;1;3;0;302;1;1;0;23;1;384;2;0;1;61.0;2;2
42;4;0;3;0;5037;0;0;0;16;6;84;14;1;0;100.0;2;7
73;5;1;3;0;448;0;0;0;22;1;90;1;1;0;68.0;2;6
36;9;1;2;0;1368;0;0;0;1;1;292;5;0;1;516.0;2;6
40;5;1;1;0;407;1;0;0;2;1;271;1;0;0;200.0;2;2
50;1;1;1;0;12519;1;0;0;21;3;34;1;0;1;615.0;2;11
48;1;1;2;0;1730;1;0;0;4;1;89;3;1;1;361.0;2;5
30;4;0;3;0;415;1;1;0;6;1;343;4;0;1;984.0;1;5
27;1;1;2;0;484;1;0;0;15;1;361;2;0;0;210.0;2;5
37;7;1;2;0;345;1;1;0;16;1;148;1;0;0;114.0;2;4
29;0;2;2;0;464;0;0;0;9;2;91;3;1;1;208.0;2;11
70;5;0;2;0;6850;0;0;1;3;1;182;4;0;0;228.0;1;9
42;0;1;2;0;16517;0;0;0;15;5;203;4;0;0;549.0;1;3
45;2;1;3;0;3689;1;0;0;7;1;169;5;0;0;397.0;2;5
50;4;1;3;0;558;0;0;0;9;1;683;6;0;1;464.0;1;7
42;7;1;2;0;1376;1;0;0;2;2;92;4;1;1;271.0;2;6
24;8;2;2;0;822;0;0;0;27;1;91;2;0;1;184.0;2;10
36;9;0;2;0;69;1;0;0;12;2;369;3;0;0;61.0;1;5
37;4;1;3;0;9269;1;1;0;17;1;149;2;0;0;71.0;1;4
30;4;2;3;0;5359;0;0;0;26;1;191;3;1;1;427.0;2;2
38;0;1;2;0;1767;1;0;0;9;4;239;7;1;1;483.0;2;7
32;1;1;2;0;897;1;0;0;7;3;322;2;0;0;293.0;2;4
63;5;0;3;0;0;0;0;0;13;1;181;2;1;1;263.0;1;5
46;4;1;3;0;273;1;0;0;15;1;105;3;0;1;1962.0;1;9
32;7;2;2;0;-23;0;0;0;11;1;305;1;0;0;185.0;2;5
32;9;2;3;0;5514;0;0;0;22;1;182;1;1;1;319.0;2;4
31;4;2;3;0;533;0;0;1;12;1;90;10;1;1;372.0;2;5
39;4;2;3;0;11971;1;0;1;15;10;179;5;0;0;75.0;1;5
35;6;2;3;0;353;0;0;0;11;1;183;1;1;1;352.0;1;2
45;7;1;2;0;-75;1;0;0;2;1;252;1;0;0;134.0;1;2
36;4;1;3;0;255;0;0;0;25;6;95;4;1;1;242.0;2;8
34;1;1;2;0;1454;1;0;0;11;2;297;2;0;1;231.0;1;2
31;1;1;2;0;1664;1;0;0;20;1;182;1;1;0;158.0;2;4
64;6;1;3;0;661;0;0;0;21;2;294;2;0;1;367.0;2;12
69;9;1;3;0;482;0;0;0;29;1;267;1;0;1;478.0;2;7
32;4;1;3;0;6138;0;0;0;29;2;90;9;0;1;519.0;1;7
57;4;1;3;0;334;1;0;0;15;2;365;2;0;0;169.0;2;5
27;7;2;2;0;1347;0;0;1;28;1;193;11;1;1;824.0;1;12
43;9;1;2;0;0;1;1;0;4;8;204;5;0;0;539.0;2;2
53;9;1;2;0;137;0;1;0;18;1;176;1;0;0;52.0;2;11
33;0;1;2;0;-370;1;0;0;7;1;345;1;0;1;261.0;2;5
34;7;1;2;0;1337;0;0;0;12;2;104;1;1;1;255.0;2;8
63;4;1;3;0;5112;0;0;1;13;2;95;3;0;1;2184.0;2;11
40;10;2;3;0;7968;0;0;0;3;1;93;1;1;1;733.0;2;9
37;1;1;2;0;604;1;0;0;7;1;495;1;0;1;371.0;2;10
28;6;1;3;0;0;1;0;0;4;3;196;4;0;1;546.0;2;2
52;4;1;3;0;583;0;0;0;17;1;91;2;0;1;209.0;1;11
21;8;2;1;0;1596;0;0;0;26;1;93;2;0;0;115.0;1;8
34;0;1;2;0;21;0;0;0;17;1;346;3;0;0;332.0;2;4
37;9;2;2;0;5436;1;0;0;6;11;351;1;0;0;7.0;2;5
44;4;1;2;0;282;0;0;0;9;2;154;3;1;1;700.0;2;3
47;1;1;2;0;-216;1;0;0;6;1;282;3;0;0;197.0;2;5
34;4;1;3;0;0;1;0;0;7;1;99;2;1;1;262.0;2;8
33;6;2;3;0;658;1;0;0;21;1;208;1;1;1;307.0;1;10
56;4;1;3;0;616;0;0;0;13;2;105;2;1;1;293.0;1;8
60;0;0;2;0;-41;1;1;0;6;1;262;1;0;1;1658.0;2;2
34;9;2;2;0;1866;0;0;0;8;3;185;1;0;0;134.0;2;5
34;1;1;1;0;2490;1;0;0;19;2;180;1;0;0;185.0;1;11
77;5;1;2;0;4112;0;0;1;26;1;95;2;1;1;1616.0;2;1
29;1;2;3;0;455;0;0;1;27;2;36;1;1;1;214.0;2;5
40;9;1;2;0;2266;0;0;0;16;1;147;5;0;1;447.0;1;10
31;7;2;2;0;1510;1;0;0;13;4;176;1;0;0;72.0;2;5
32;9;1;3;0;2976;1;0;0;5;1;175;5;0;1;783.0;2;2
61;4;1;3;0;267;0;0;0;21;3;184;1;1;1;192.0;1;10
28;4;2;3;0;390;0;0;0;29;1;232;4;1;1;845.0;1;9
68;5;1;2;0;1443;0;0;1;21;2;257;1;1;1;2062.0;2;12
44;9;1;2;0;78;1;0;0;7;1;357;1;0;0;122.0;2;5
31;7;2;2;0;-205;0;0;0;1;1;579;1;0;1;481.0;1;9
60;4;0;2;0;0;1;0;1;13;4;350;6;0;0;65.0;1;5
42;4;1;3;0;6060;1;0;0;30;1;350;2;0;1;316.0;1;4
27;4;2;2;0;1187;0;0;1;26;1;101;1;0;1;232.0;1;2
44;0;2;2;0;733;1;0;0;4;2;105;5;1;1;360.0;2;12
53;1;2;1;0;354;1;0;0;29;1;226;2;0;0;133.0;1;1
80;5;1;1;0;997;0;0;0;28;1;91;3;1;1;151.0;1;1
42;4;1;1;0;5310;1;0;0;25;2;97;4;1;1;968.0;1;11
75;5;1;1;0;1413;0;0;0;1;2;188;2;1;1;532.0;2;9
27;1;2;2;0;100;1;0;0;11;4;367;1;0;0;177.0;2;5
36;0;1;2;0;96;0;0;0;30;1;87;1;1;1;208.0;2;4
53;0;1;2;0;1796;0;0;1;16;1;91;2;1;1;295.0;2;3
35;9;2;2;0;204;1;0;0;30;3;189;1;1;0;110.0;1;11
32;9;2;2;0;491;0;0;0;8;2;91;7;1;1;251.0;1;10
50;0;2;2;0;167;0;1;0;4;2;191;3;0;0;346.0;0;2
52;1;1;1;0;134;1;0;0;15;2;295;3;0;0;81.0;2;5
27;8;2;3;0;311;0;0;0;28;1;148;4;1;1;462.0;2;7
23;7;2;2;0;488;0;0;0;29;1;91;3;1;1;205.0;2;6
57;1;1;2;0;1521;1;1;0;18;2;178;5;0;0;102.0;2;5
47;9;1;2;0;335;0;0;0;4;1;76;1;1;1;417.0;2;5
33;9;0;2;0;273;1;0;0;17;1;317;1;0;0;181.0;2;4
42;4;1;3;0;4;1;0;0;8;2;295;1;1;1;579.0;2;5
63;9;1;2;0;973;0;0;0;25;1;388;1;1;1;318.0;1;2
49;4;1;2;0;99;1;0;0;6;2;343;1;0;1;687.0;2;5
57;4;0;3;0;6468;1;0;0;4;1;157;4;0;1;730.0;1;9
32;2;1;2;0;390;0;0;0;6;1;280;1;0;1;440.0;2;9
44;9;1;2;0;-199;0;0;0;28;2;247;3;0;0;692.0;2;1
31;9;2;2;0;2544;0;0;0;12;1;279;2;1;1;229.0;2;1
33;9;1;2;0;6699;0;0;0;9;1;462;1;0;0;425.0;1;11
43;4;0;3;0;2367;0;0;0;22;1;113;3;1;1;83.0;2;9
62;5;1;2;0;1495;0;0;0;17;1;196;1;1;1;606.0;1;8
40;4;1;3;0;0;0;0;0;10;1;96;8;1;1;147.0;1;11
56;1;2;1;0;39;1;0;1;8;2;347;5;0;0;191.0;2;5
49;3;1;2;0;3570;0;0;0;24;3;202;2;0;0;62.0;1;12
37;4;1;3;0;203;0;0;0;21;1;90;5;1;1;759.0;1;10
50;4;1;3;0;4374;1;0;0;21;2;113;3;0;0;163.0;1;11
32;9;2;2;0;674;1;1;0;15;1;316;3;0;0;169.0;1;4
27;1;2;2;0;3145;0;0;0;25;1;179;2;1;1;374.0;2;6
33;4;1;3;0;22867;1;0;0;10;2;92;3;0;1;266.0;2;11
49;0;2;3;0;228;1;0;0;2;1;92;1;1;1;407.0;2;6
48;4;1;3;0;0;0;1;0;19;4;182;1;1;1;204.0;1;2
36;6;1;2;0;1245;1;0;0;9;7;248;9;1;0;8.0;2;2
36;7;1;2;0;0;1;0;0;8;1;368;1;0;0;346.0;1;5
34;0;1;3;0;0;0;0;0;30;1;183;2;1;1;292.0;2;7
45;9;2;3;0;2033;0;0;0;15;5;285;2;1;1;243.0;2;6
18;8;2;3;0;108;0;0;0;9;1;183;1;1;1;92.0;1;2
41;4;1;3;0;27696;0;0;0;12;2;184;3;1;1;138.0;2;2
27;0;1;3;0;2855;0;0;0;22;2;178;4;1;1;138.0;2;7
40;4;1;3;0;4539;0;0;0;13;3;439;1;0;1;256.0;1;7
29;0;1;3;0;238;0;0;0;25;2;88;1;0;1;344.0;1;5
77;4;1;3;0;1780;1;0;0;23;2;182;5;1;1;361.0;2;4
26;0;2;2;0;787;1;0;0;15;2;371;1;0;0;68.0;2;5
62;4;1;3;0;3371;0;0;0;25;1;178;2;1;1;187.0;1;3
45;1;1;1;0;412;1;0;1;4;5;265;13;0;0;45.0;1;2
39;0;1;2;0;2319;0;0;0;21;1;137;1;0;0;48.0;2;11
66;5;1;2;0;3409;0;0;0;19;3;160;3;0;0;133.0;2;10
42;10;1;2;0;1289;0;0;0;15;3;92;6;1;1;1176.0;2;10
59;10;1;2;0;1047;0;0;0;21;1;184;3;1;1;438.0;1;8
31;1;1;1;0;554;1;0;0;14;1;352;5;0;0;317.0;2;5
51;4;1;3;0;469;0;0;0;14;1;182;3;1;1;491.0;2;10
33;7;1;2;0;1697;0;0;0;4;1;182;1;1;1;489.0;1;5
59;10;0;2;0;7469;0;0;0;22;1;130;1;0;0;287.0;1;2
48;10;1;2;0;926;0;0;0;15;4;185;6;1;1;382.0;1;2
38;4;1;3;0;5432;1;1;0;17;1;149;2;0;0;707.0;2;4
77;5;1;1;0;3324;0;0;0;13;1;91;5;1;1;289.0;1;5
34;0;1;2;0;2374;1;0;0;9;1;209;2;0;1;161.0;2;11
38;9;2;2;0;435;1;0;0;6;4;345;1;0;0;437.0;2;5
70;5;0;1;0;482;0;0;1;14;1;196;2;1;1;372.0;2;1
31;4;2;3;0;147;0;0;0;9;2;92;3;1;1;163.0;2;6
33;7;0;2;0;1156;1;0;0;15;1;177;2;0;0;612.0;1;5
60;5;1;3;0;3461;0;0;0;26;2;112;2;0;0;94.0;1;5
37;9;1;2;0;1109;1;0;0;12;1;354;5;0;0;62.0;2;5
60;10;1;2;0;1047;0;0;0;27;3;279;4;1;1;173.0;1;5
34;9;1;2;0;210;1;1;0;12;2;173;1;0;0;211.0;2;5
42;4;1;1;0;5310;1;0;0;20;1;90;3;1;1;273.0;2;8
58;9;1;2;0;5618;1;0;0;20;2;189;1;0;0;361.0;1;11
31;4;2;3;0;1761;1;0;1;29;3;440;3;0;1;332.0;1;7
47;9;1;2;0;232;1;0;0;5;2;285;1;0;0;166.0;2;5
58;10;1;2;0;687;1;0;0;7;1;99;2;1;1;221.0;1;8
40;1;1;2;0;1451;0;0;0;30;1;121;1;1;1;117.0;1;9
69;3;1;1;0;1080;0;0;0;18;2;118;2;0;0;197.0;2;8
26;8;2;2;0;620;0;0;0;22;1;94;1;1;1;223.0;2;5
67;4;1;3;0;405;0;0;0;10;2;95;2;1;1;344.0;2;11
60;0;1;3;0;478;0;0;0;19;2;311;8;0;1;173.0;2;7
52;7;1;2;0;659;0;0;0;28;4;93;1;1;1;390.0;2;1
36;9;1;3;0;341;0;0;0;12;2;183;1;1;1;419.0;2;2
80;5;1;2;0;668;0;0;1;8;1;371;1;1;1;250.0;2;7
33;1;2;2;0;228;0;0;1;5;1;89;4;0;0;110.0;1;5
36;0;0;3;0;4708;0;0;0;3;1;171;1;0;1;284.0;1;12
48;4;1;2;0;2892;0;0;0;7;1;385;1;1;1;407.0;1;7
20;8;2;2;0;829;0;0;0;27;3;202;2;1;1;196.0;1;1
32;4;1;3;0;2737;1;1;0;21;4;182;1;0;0;44.0;1;11
40;1;1;2;0;755;0;0;0;17;1;117;1;0;0;408.0;2;11
58;0;0;2;0;3337;1;0;1;8;2;690;3;0;1;369.0;2;10
60;0;1;2;0;106;0;0;0;24;1;187;4;1;1;137.0;2;2
37;9;1;2;0;-254;1;1;0;6;3;254;2;0;0;121.0;2;2
52;9;1;2;0;196;1;1;0;24;1;273;3;0;0;116.0;2;2
37;10;2;3;0;1291;0;0;0;5;1;97;2;1;1;150.0;2;8
56;2;1;2;0;5838;0;0;0;2;2;230;2;0;0;116.0;1;2
35;7;1;2;0;372;1;0;0;17;2;280;1;0;0;202.0;2;4
28;10;2;1;0;236;0;0;0;4;1;87;3;0;1;193.0;1;5
46;4;1;3;0;273;1;0;0;10;6;53;6;1;1;583.0;2;5
80;3;1;1;0;0;0;0;0;23;1;189;1;0;1;639.0;2;2
31;3;1;2;0;243;1;0;0;23;2;842;1;0;1;305.0;2;9
59;6;1;1;0;671;1;0;0;15;2;332;3;0;0;57.0;1;5
33;9;1;2;0;221;1;0;0;13;1;355;4;0;1;669.0;2;5
34;4;0;3;0;2240;0;0;0;8;2;184;3;1;1;220.0;2;9
27;9;2;3;0;401;0;0;0;6;3;93;2;1;1;218.0;1;8
54;7;0;2;0;0;0;0;0;1;1;81;2;1;1;174.0;2;6
49;2;1;3;0;313;1;0;0;17;2;188;2;0;0;42.0;1;11
39;9;1;2;0;6;1;0;0;18;3;357;4;0;0;122.0;2;5
27;4;2;2;0;565;1;0;0;18;2;346;11;0;0;170.0;2;5
21;8;2;2;0;215;0;0;0;24;1;89;7;1;1;382.0;1;5
28;9;2;3;0;-214;1;0;0;29;2;262;3;0;0;228.0;1;1
26;4;2;3;0;362;0;0;0;15;1;104;2;1;1;925.0;2;9
21;8;2;2;0;123;0;0;1;12;5;93;2;1;1;379.0;2;2
40;7;1;2;0;0;1;0;0;5;1;334;2;0;0;184.0;1;5
62;4;1;3;0;997;0;0;0;22;1;304;2;1;1;554.0;2;4
43;4;1;3;0;13044;0;0;0;19;1;93;4;0;0;215.0;2;11
51;9;2;2;0;-463;1;0;0;5;1;343;3;0;0;496.0;2;5
33;1;1;2;0;139;1;1;0;18;2;291;5;0;1;732.0;1;5
37;4;1;3;0;2283;0;0;0;6;2;92;4;1;1;303.0;2;8
77;5;1;3;0;7802;0;0;1;4;1;92;2;1;1;421.0;1;5
34;1;1;1;0;1309;1;0;0;12;2;364;1;0;0;456.0;1;5
38;4;1;3;0;4293;1;0;0;6;2;250;2;0;0;92.0;2;5
43;9;1;3;0;2643;0;0;0;12;3;100;5;1;1;188.0;2;8
30;4;2;3;0;2907;1;0;0;30;2;218;1;0;0;146.0;1;12
42;2;1;2;0;707;0;0;0;1;1;348;1;1;0;233.0;2;6
28;9;2;3;0;0;1;0;0;12;1;79;3;1;0;150.0;2;8
61;0;1;3;0;4629;1;0;0;27;1;92;1;1;1;181.0;1;1
47;4;1;3;0;2351;0;0;0;2;2;84;1;1;1;163.0;2;6
57;7;1;2;0;530;1;0;1;15;7;360;7;0;0;10.0;2;5
24;4;2;3;0;1506;0;0;0;12;2;95;4;1;1;239.0;2;6
51;9;1;3;0;0;0;0;0;7;2;66;2;1;1;662.0;2;5
37;0;2;2;0;22;1;0;0;7;2;289;5;0;0;28.0;1;5
40;9;2;3;0;1646;1;0;0;4;2;91;3;1;1;392.0;2;5
37;4;1;3;0;8564;1;0;0;5;2;347;1;0;0;211.0;2;5
42;0;0;2;0;527;0;1;0;22;1;185;1;1;1;181.0;2;10
24;8;2;2;0;382;0;0;0;13;2;92;3;0;1;256.0;1;11
37;4;1;3;0;0;1;0;0;6;2;169;3;0;0;84.0;2;5
43;7;1;2;0;2145;0;0;0;25;2;95;4;1;1;291.0;1;8
24;8;2;2;0;125;0;0;0;9;1;90;1;0;1;263.0;1;11
29;1;1;1;0;459;1;1;0;17;3;318;1;0;0;202.0;2;4
53;1;1;2;0;148;1;0;0;7;1;359;1;0;0;66.0;1;5
38;9;1;2;0;976;1;0;0;18;8;308;3;1;0;32.0;1;5
34;9;2;2;0;347;1;0;0;6;2;197;6;0;0;154.0;2;2
30;4;2;3;0;502;0;0;0;11;3;95;6;1;1;463.0;2;10
36;7;0;2;0;532;1;0;0;29;1;241;1;0;0;391.0;2;1
39;1;1;2;0;660;1;1;0;7;4;168;3;0;0;93.0;2;5
55;4;1;2;0;2206;0;0;0;12;1;91;5;1;1;265.0;2;8
52;6;0;2;0;1291;1;0;0;19;1;169;2;0;0;559.0;1;11
26;9;2;2;0;276;1;0;0;15;1;368;4;0;0;106.0;2;5
62;5;1;3;0;2557;1;0;0;14;1;216;7;1;1;211.0;1;9
46;0;0;2;0;660;1;0;0;29;1;259;2;0;0;1026.0;1;1
35;4;2;3;0;2646;0;0;0;14;8;183;2;1;1;133.0;2;4
32;9;2;2;0;230;1;0;0;18;1;266;8;0;1;442.0;2;5
48;4;1;3;0;1147;0;0;0;3;1;120;3;1;1;155.0;2;12
29;4;1;3;0;5698;0;0;0;15;1;264;1;0;0;437.0;2;4
27;9;2;3;0;15161;0;0;0;2;1;120;1;1;1;74.0;2;6
45;4;2;3;0;1411;0;0;0;7;2;102;3;0;1;800.0;2;9
30;0;2;2;0;270;0;0;0;30;1;80;1;1;1;437.0;2;4
46;4;1;3;0;4301;1;1;0;18;1;183;2;0;0;50.0;2;11
32;9;2;3;0;705;1;0;0;25;2;35;4;0;1;414.0;2;5
58;4;1;3;0;1016;0;0;1;11;2;91;1;0;0;78.0;2;3
35;0;1;2;0;2374;1;0;0;11;2;183;5;1;1;765.0;2;8
37;4;1;3;0;1113;0;0;0;2;1;182;1;1;1;229.0;2;3
45;6;1;2;0;830;0;0;0;19;1;111;2;0;0;180.0;1;11
33;1;2;2;0;476;1;1;0;17;3;333;2;0;0;544.0;2;4
41;10;2;3;0;79;0;0;1;9;1;390;2;1;1;394.0;2;11
38;1;2;2;0;238;1;0;0;8;1;366;2;0;0;86.0;1;5
33;9;1;3;0;1699;0;0;0;28;1;83;3;1;1;202.0;2;1
31;4;1;3;0;10884;0;0;0;10;3;98;2;1;1;294.0;1;8
25;0;2;2;0;507;1;0;0;15;1;367;3;0;1;832.0;1;5
50;9;1;3;0;0;0;1;0;6;1;85;7;0;0;257.0;2;7
46;10;0;2;0;3354;1;0;0;19;1;174;1;1;1;522.0;1;11
43;7;1;1;0;2567;1;0;0;14;1;360;2;0;0;109.0;2;5
34;4;1;2;0;369;0;0;0;2;3;342;4;0;1;868.0;2;8
56;5;1;1;0;9367;0;0;0;13;2;101;2;1;1;320.0;1;8
31;4;2;3;0;617;0;0;0;4;1;97;2;1;1;1161.0;1;6
73;5;2;2;0;1050;0;0;0;4;3;181;2;0;1;562.0;2;3
59;10;1;2;0;957;0;0;0;8;1;89;2;1;1;301.0;1;3
55;4;0;3;0;2037;0;0;0;4;2;94;3;1;1;305.0;1;2
52;4;1;3;0;751;0;0;0;14;4;371;5;0;0;165.0;2;5
31;4;2;3;0;3384;0;0;0;16;1;104;2;1;1;153.0;2;9
48;7;1;2;0;0;1;0;0;2;1;267;1;0;0;146.0;1;4
48;0;1;2;0;0;1;0;0;8;1;168;2;0;0;85.0;2;5
58;1;1;2;0;590;0;1;0;19;1;167;1;0;0;136.0;2;11
30;7;2;2;0;438;1;0;0;18;1;178;1;0;0;98.0;1;5
37;1;1;2;0;426;1;0;0;13;3;345;3;0;0;323.0;2;5
46;0;1;2;0;974;0;0;0;5;2;80;1;1;1;174.0;2;6
53;0;1;2;0;2851;0;1;1;1;1;119;1;0;0;89.0;2;6
35;0;2;2;0;111;1;0;0;29;1;195;3;0;0;55.0;2;1
25;6;2;2;0;1179;0;0;0;17;1;83;2;0;0;43.0;2;8
56;4;1;3;0;505;1;1;0;5;1;169;3;0;0;221.0;2;5
30;10;2;2;0;2424;0;0;0;15;1;95;2;1;1;337.0;1;2
39;7;2;2;0;158;1;0;0;21;1;168;2;0;0;183.0;2;11
24;9;2;2;0;598;0;0;0;12;1;182;2;1;1;762.0;2;5
57;5;0;1;0;698;0;0;1;9;3;191;2;0;0;135.0;2;12
37;4;1;3;0;3794;0;0;0;18;1;379;1;0;0;147.0;2;8
37;4;1;3;0;6771;0;0;0;7;1;186;1;1;1;337.0;2;9
41;0;0;2;0;6046;1;1;1;15;6;182;2;1;1;300.0;2;3
36;4;2;3;0;1379;0;0;0;25;1;186;1;0;1;189.0;1;5
26;4;2;3;0;222;0;0;0;26;1;334;1;0;1;192.0;2;4
52;1;1;2;0;8180;1;0;0;13;1;144;1;0;0;81.0;1;4
37;1;1;1;0;2120;1;0;0;15;3;175;4;0;1;655.0;2;5
30;1;1;2;0;2;1;1;0;17;2;326;1;0;0;291.0;2;4
40;0;2;2;0;985;1;0;0;4;3;50;8;0;1;592.0;2;6
29;0;2;2;0;265;1;0;0;25;1;184;1;0;1;414.0;2;11
32;1;1;2;0;225;1;0;0;17;1;150;1;0;1;574.0;2;4
55;10;1;1;0;1212;0;0;0;31;1;92;1;0;0;241.0;2;8
37;10;2;3;0;1316;1;0;0;18;1;172;2;0;0;389.0;2;11
31;4;1;3;0;1812;0;0;0;12;1;104;1;1;0;112.0;2;8
44;1;1;2;0;6491;1;0;0;19;2;174;1;0;0;126.0;1;11
67;5;0;2;0;704;0;0;0;8;2;97;1;1;1;186.0;2;2
55;5;0;2;0;2204;0;0;0;22;1;264;1;0;1;261.0;2;2
67;5;1;2;0;1146;0;0;0;13;1;92;2;0;1;259.0;1;11
52;9;1;2;0;0;1;0;0;7;1;294;1;0;1;211.0;1;9
27;0;1;2;0;1595;0;0;0;29;2;197;2;1;1;196.0;2;12
51;4;1;3;0;346;0;0;0;12;1;92;5;1;1;122.0;2;2
46;1;1;2;0;640;1;0;0;12;1;182;4;1;1;215.0;1;3
59;10;1;2;0;4497;1;0;0;4;1;251;1;0;0;213.0;2;2
37;4;1;3;0;238;0;0;0;3;1;92;1;1;1;185.0;2;2
30;10;2;2;0;79;0;1;0;5;2;196;1;0;0;528.0;1;2
40;10;1;2;0;219;1;0;0;17;2;196;1;0;0;204.0;1;11
33;1;1;2;0;43;1;0;0;14;2;358;2;0;0;332.0;2;5
36;9;1;3;0;202;0;0;0;29;1;120;3;0;1;313.0;1;1
36;0;2;3;0;5007;1;0;0;8;3;331;4;0;0;135.0;2;10
56;10;1;2;0;12;0;0;0;12;3;187;1;0;1;511.0;2;10
29;0;1;2;0;7707;1;0;0;29;2;334;2;0;1;961.0;2;4
31;6;2;3;0;17924;1;0;0;14;1;174;3;0;1;745.0;2;5
76;5;0;1;0;2693;0;0;0;23;5;184;2;1;0;109.0;1;4
34;0;0;2;0;479;1;0;0;12;1;350;5;0;1;515.0;2;5
32;4;1;3;0;3154;0;0;0;20;2;150;2;0;0;96.0;1;4
33;4;2;3;0;224;0;0;0;23;2;107;2;1;1;342.0;1;6
35;4;1;2;0;724;1;0;0;14;2;415;1;0;1;287.0;2;7
28;4;2;3;0;187;0;0;0;10;1;93;2;1;1;255.0;1;9
34;8;2;3;0;3404;1;0;0;8;1;139;5;0;0;420.0;2;4
58;5;1;1;0;565;0;0;1;8;1;93;1;1;1;153.0;2;10
33;3;1;3;0;10;1;0;0;20;1;322;2;0;0;129.0;1;4
61;6;0;3;0;6;1;0;0;13;1;182;2;1;1;210.0;2;10
34;0;1;3;0;882;0;0;0;13;1;113;5;1;0;135.0;2;8
44;1;0;1;0;75;1;0;0;16;1;281;1;0;0;614.0;1;4
52;4;1;3;0;1392;0;0;0;28;2;205;3;0;0;1121.0;2;1
45;1;2;2;0;0;0;0;0;5;2;472;1;1;1;374.0;2;8
40;1;1;2;0;498;1;0;0;8;2;298;4;0;0;55.0;2;5
52;7;1;2;0;992;1;0;0;27;1;515;1;0;1;424.0;2;10
37;4;1;3;0;0;1;0;0;23;5;153;7;0;1;242.0;2;4
55;4;1;1;0;113;0;0;0;12;1;457;3;0;1;306.0;1;8
43;1;1;2;0;2160;0;0;0;8;1;98;1;1;1;261.0;2;9
66;5;1;2;0;2326;0;1;0;18;1;181;1;1;1;232.0;1;2
30;10;2;2;0;2424;0;0;0;12;1;279;1;0;1;110.0;2;11
45;9;1;2;0;0;1;1;1;2;2;208;1;0;0;111.0;2;2
33;0;1;3;0;882;0;0;0;22;1;183;4;0;1;104.0;1;4
51;4;2;3;1;-55;1;0;0;11;2;266;6;0;0;281.0;2;5
38;0;0;2;0;19;1;0;0;5;3;251;2;1;1;1130.0;1;2
33;6;2;3;0;562;1;1;0;6;1;363;1;0;1;196.0;2;4
37;0;1;2;0;2061;1;1;0;22;1;109;3;0;1;459.0;2;6
32;1;2;2;0;2093;0;0;0;24;2;444;1;0;1;224.0;2;9
43;4;2;3;0;1696;1;0;0;26;1;474;3;0;1;257.0;2;8
35;8;2;2;0;188;1;0;0;16;3;200;5;0;1;75.0;2;2
36;9;0;2;0;556;1;0;0;18;3;189;1;0;0;154.0;2;11
53;4;1;3;0;583;0;0;0;17;1;184;4;1;1;226.0;2;11
37;4;1;2;0;121;0;1;0;17;2;151;2;0;0;211.0;2;11
33;9;1;3;0;8023;0;0;0;30;1;105;3;0;0;107.0;2;11
76;5;0;1;0;802;0;0;0;9;1;181;5;1;1;241.0;2;3
34;4;2;3;0;5945;1;0;0;8;1;170;1;0;0;285.0;2;5
31;0;2;2;0;8626;0;0;0;25;1;111;1;0;0;159.0;2;5
59;4;1;3;0;2239;0;0;0;20;6;90;1;1;1;377.0;1;8
38;4;1;3;0;1066;1;0;0;28;1;189;1;0;0;86.0;1;1
39;0;1;2;0;260;1;0;0;13;1;94;4;1;1;226.0;2;11
35;4;2;3;0;431;0;0;0;17;2;397;1;0;1;343.0;1;8
59;4;1;1;0;1727;0;0;1;25;4;358;2;0;1;500.0;1;5
27;0;2;3;0;689;0;0;0;26;1;307;1;0;0;98.0;2;1
45;1;2;2;0;0;1;0;0;16;1;165;3;0;0;283.0;2;10
39;9;0;2;0;385;0;0;0;13;1;48;2;0;1;242.0;2;10
44;9;1;2;0;533;1;0;0;18;1;110;2;0;0;127.0;1;11
59;9;1;2;0;1;0;0;0;15;2;378;3;0;1;159.0;1;4
42;4;1;3;0;372;1;0;0;4;3;1;2;1;1;153.0;1;8
57;5;1;2;0;1044;0;0;1;12;1;182;3;1;1;567.0;1;7
49;0;2;2;0;1150;1;0;0;18;2;355;1;0;0;126.0;1;5
60;10;1;2;0;957;0;0;0;8;1;184;3;1;1;246.0;1;9
36;4;1;3;0;495;0;0;0;11;1;37;5;1;1;91.0;1;9
32;4;0;3;0;530;1;0;0;29;1;127;3;0;0;131.0;2;1
64;3;1;1;0;768;0;0;0;15;2;182;1;1;0;250.0;2;7
62;1;1;2;0;272;0;0;0;11;1;92;3;1;1;289.0;1;11
33;4;2;3;0;816;1;0;0;11;2;503;2;0;1;383.0;1;10
43;0;2;2;0;386;0;0;0;12;1;92;4;1;0;242.0;2;10
28;4;2;2;0;326;0;0;0;11;1;231;1;1;1;450.0;1;10
33;4;2;3;0;224;0;0;0;23;2;92;4;1;1;409.0;2;9
31;4;2;2;0;1090;1;0;0;8;1;303;1;0;0;50.0;2;5
52;7;1;2;0;657;0;0;1;7;2;460;2;0;1;398.0;2;7
52;9;1;3;0;2557;0;0;0;28;5;204;2;1;1;134.0;1;1
38;9;1;2;0;508;1;0;0;18;3;175;2;0;0;722.0;2;11
46;3;1;1;0;3512;0;0;0;30;1;197;1;0;1;175.0;2;10
48;1;1;2;0;1730;1;0;0;10;1;102;1;1;0;158.0;1;8
33;0;2;3;0;272;1;0;0;1;1;237;2;0;1;326.0;2;6
36;1;1;1;0;994;1;0;0;14;2;356;8;1;0;154.0;2;5
38;10;1;1;0;7005;1;0;0;25;1;202;2;1;1;696.0;2;1
37;9;1;2;0;5115;1;0;0;17;2;171;4;0;1;1210.0;2;11
23;7;2;2;0;870;0;0;0;29;1;176;4;1;1;296.0;2;12
52;10;1;2;0;94;0;0;0;10;1;92;13;1;1;153.0;2;2
72;6;1;3;0;132;0;0;0;1;2;65;1;1;1;260.0;2;7
66;5;1;2;0;3409;0;0;0;15;2;27;6;0;0;414.0;2;11
36;9;1;3;0;4596;1;0;0;8;2;175;2;1;1;234.0;2;10
29;7;2;3;0;737;1;1;0;30;5;248;1;0;0;499.0;2;1
37;1;2;3;0;3649;1;0;0;15;2;146;4;0;0;623.0;2;4
43;4;1;3;0;3518;0;0;0;28;2;196;2;1;1;206.0;2;12
38;10;1;1;0;7005;1;0;0;7;1;412;1;0;1;370.0;2;7
32;1;1;1;0;50;1;0;0;13;1;370;2;0;0;275.0;2;5
59;9;1;2;0;116;0;0;0;12;4;422;3;0;1;398.0;2;8
44;2;1;2;0;860;1;1;0;6;2;295;5;0;0;96.0;2;5
28;1;2;2;0;-46;1;0;0;1;1;92;14;1;1;199.0;2;9
36;4;2;3;0;7506;1;0;0;6;2;188;1;1;1;839.0;2;5
43;4;1;3;0;587;1;0;0;5;6;231;9;0;0;11.0;2;2
60;4;1;3;0;315;0;0;0;1;1;183;3;1;1;840.0;2;9
33;9;2;2;0;920;1;0;0;21;1;122;4;0;0;58.0;2;11
37;0;1;2;0;1207;1;0;1;6;2;138;2;1;1;1353.0;2;4
34;1;1;1;0;3868;1;0;0;18;1;350;1;0;0;134.0;2;5
62;1;1;2;0;272;0;0;0;11;1;286;2;0;1;146.0;1;8
38;4;2;3;0;3141;0;0;0;9;4;189;2;1;1;347.0;2;11
56;9;0;2;0;3450;0;0;0;10;1;181;2;1;1;507.0;1;8
39;4;0;3;0;224;0;0;0;2;2;88;1;1;1;194.0;2;7
31;9;2;3;0;1887;0;1;0;20;2;183;1;0;0;225.0;2;11
35;2;1;3;0;0;0;0;0;5;1;168;4;0;0;74.0;2;5
47;1;1;2;0;243;1;0;0;4;1;246;4;0;0;220.0;2;2
33;1;1;1;0;217;1;0;0;20;1;339;3;0;0;198.0;1;4
36;7;2;2;0;1227;1;1;0;4;5;341;3;0;1;775.0;1;5
37;4;1;3;0;255;0;0;0;24;2;183;10;1;1;562.0;2;2
39;7;2;2;0;1048;1;0;0;15;1;32;1;0;0;108.0;2;6
36;9;1;3;0;911;1;1;0;25;2;21;3;0;1;117.0;1;5
55;3;0;3;0;1241;0;0;0;21;7;154;5;0;0;48.0;2;11
38;9;2;2;0;61;1;0;0;13;1;359;8;0;0;109.0;1;5
27;9;2;2;0;218;1;0;0;14;2;352;1;0;0;1462.0;1;5
33;1;1;1;0;3512;1;0;0;19;1;183;2;0;0;251.0;1;11
42;1;1;2;0;2717;1;1;0;20;2;270;2;0;0;181.0;2;4
25;1;2;2;0;1857;1;0;0;12;1;91;12;1;1;187.0;1;10
27;7;2;2;0;302;0;0;0;8;1;189;1;1;0;151.0;2;1
38;4;0;3;0;4335;1;0;0;18;7;179;1;0;0;157.0;2;5
38;1;0;2;0;0;1;0;0;21;1;183;4;1;1;576.0;2;10
76;5;1;3;0;2991;0;0;0;22;1;183;1;1;1;344.0;2;10
53;4;1;3;0;3634;0;0;0;7;4;88;8;1;1;211.0;1;5
34;1;2;3;0;129;1;1;0;16;1;200;2;1;1;295.0;2;11
43;4;1;3;0;275;0;0;0;9;2;339;2;0;0;109.0;1;4
29;1;1;2;0;339;1;0;0;15;3;354;2;0;0;63.0;1;5
31;0;2;2;0;0;1;0;0;7;2;295;2;0;1;895.0;2;5
67;5;1;2;0;2540;0;0;1;14;3;92;9;1;1;279.0;2;9
52;3;1;1;0;618;1;1;0;10;2;102;2;0;0;352.0;2;8
45;9;1;1;0;886;1;0;0;13;2;42;1;0;0;75.0;1;10
43;10;1;3;0;0;0;0;0;16;1;281;1;0;1;745.0;2;7
64;4;1;3;0;2352;0;0;0;3;4;183;7;1;1;181.0;1;11
38;4;1;3;0;1477;0;0;0;15;3;769;2;0;1;385.0;1;9
66;5;1;3;0;1948;0;0;0;28;1;91;4;1;1;216.0;1;1
25;1;2;2;0;1857;1;0;0;13;4;187;6;1;1;295.0;2;4
25;0;2;3;0;760;1;0;0;27;3;89;2;0;1;223.0;1;5
34;4;1;3;0;3301;1;0;0;17;2;227;4;0;1;485.0;2;6
42;4;1;3;0;1519;0;0;0;19;1;92;1;1;1;230.0;1;10
61;5;1;2;0;1853;0;0;1;10;1;181;2;1;1;520.0;2;8
41;0;2;2;0;-109;1;1;0;11;1;370;1;0;1;1038.0;1;5
49;1;1;2;0;1946;0;0;0;19;1;95;1;1;1;192.0;2;10
60;9;1;2;0;10925;0;0;0;23;3;185;1;1;1;270.0;2;10
33;10;2;3;0;685;1;0;0;2;1;96;2;0;0;105.0;2;2
30;9;2;2;0;1395;1;0;0;15;2;354;1;0;0;199.0;1;5
34;0;1;3;0;899;1;0;0;12;1;170;3;0;1;114.0;2;11
19;8;2;2;0;329;0;0;0;30;1;190;2;1;1;169.0;2;4
42;9;1;2;0;2152;0;0;0;30;2;181;2;0;0;361.0;1;3
57;1;1;2;0;1316;0;0;0;28;2;182;5;0;0;221.0;1;1
54;1;0;1;0;4401;0;0;1;13;1;183;2;1;1;414.0;2;5
36;0;2;3;0;364;0;1;0;31;1;123;1;0;1;185.0;1;8
43;0;2;2;0;733;1;0;0;21;1;88;4;1;1;126.0;2;8
33;1;1;2;0;687;1;0;0;14;2;370;1;0;0;72.0;2;5
32;4;2;3;0;2974;1;0;0;24;1;4;1;0;1;227.0;1;4
46;1;1;1;0;101;1;0;0;11;1;364;5;1;0;422.0;1;5
48;1;1;2;0;1230;1;0;0;12;1;196;2;1;1;169.0;2;11
53;1;1;2;0;1777;1;0;0;21;5;154;1;0;1;796.0;2;11
31;4;2;3;0;147;0;0;0;9;1;181;2;1;1;469.0;1;3
34;9;2;2;0;2085;0;0;0;10;3;182;2;1;1;356.0;2;8
31;4;1;3;0;4328;0;0;0;12;4;165;14;1;1;203.0;1;10
34;0;0;2;0;661;1;0;0;5;2;183;10;0;1;245.0;2;8
44;2;1;3;0;3463;1;1;0;28;2;153;3;0;0;290.0;2;1
52;4;1;1;1;57;1;1;0;20;1;196;1;0;0;45.0;2;11
57;4;1;3;0;830;1;1;0;8;1;367;1;1;1;662.0;1;5
63;5;1;2;0;2747;0;0;0;11;1;80;1;0;0;113.0;2;9
34;1;2;2;0;550;1;0;0;20;3;346;1;0;0;90.0;2;4
34;0;2;2;0;892;1;0;0;21;2;184;1;0;0;177.0;1;11
67;5;1;2;0;203;0;0;0;11;1;266;2;1;1;405.0;1;10
45;4;0;2;0;644;1;0;0;19;1;168;1;1;1;418.0;1;11
43;4;2;3;0;-56;1;0;0;18;2;151;14;0;0;146.0;2;11
40;7;1;3;0;35;0;0;0;3;4;317;3;0;0;318.0;2;7
28;0;1;2;0;242;1;0;0;17;1;779;12;0;0;47.0;2;9
46;1;1;2;0;640;1;0;0;6;1;55;5;1;1;246.0;2;5
35;9;1;2;0;1092;0;0;0;18;1;360;1;0;0;132.0;1;5
26;10;2;2;0;632;0;0;0;12;3;181;1;1;1;312.0;1;8
42;1;2;1;0;22;1;0;0;14;4;365;1;0;0;116.0;2;5
34;4;1;2;1;879;1;0;0;17;1;344;1;0;1;712.0;1;4
61;4;1;2;0;264;0;0;1;29;1;178;1;1;1;270.0;1;7
38;4;1;3;0;238;0;0;0;4;1;92;3;0;1;139.0;1;8
63;4;1;3;0;0;0;0;0;12;2;182;6;0;0;130.0;2;10
51;4;2;3;0;1277;0;0;0;22;5;294;1;0;0;143.0;1;2
31;4;2;3;0;924;0;0;0;5;2;98;1;1;1;207.0;2;6
61;4;1;3;0;997;0;0;0;22;1;104;1;1;1;269.0;2;6
33;8;1;2;0;1536;0;0;0;6;2;178;4;1;1;258.0;2;8
20;8;2;2;0;215;0;0;0;24;1;92;6;1;1;175.0;1;2
28;10;1;1;0;7459;1;0;0;2;5;269;2;0;1;981.0;2;2
18;8;2;1;0;608;0;0;0;13;1;93;1;1;1;210.0;1;11
30;9;2;3;0;0;1;0;0;5;1;424;8;1;1;140.0;1;7
43;7;1;2;0;774;0;0;0;25;1;421;1;1;1;101.0;2;3
39;4;2;3;0;2454;1;0;0;4;3;263;2;0;1;716.0;2;5
58;5;1;2;0;2714;0;0;0;26;1;287;2;0;1;165.0;2;5
31;0;2;2;0;-1;1;0;0;15;1;352;1;0;0;99.0;1;5
42;9;1;3;0;-378;1;1;0;15;7;330;2;0;0;11.0;2;5
35;2;1;2;0;2971;0;0;0;4;4;164;2;0;1;429.0;1;5
40;9;1;2;0;694;1;0;0;4;4;196;5;0;0;97.0;2;2
38;7;1;2;0;2678;0;0;0;28;2;187;1;1;1;282.0;2;9
62;6;0;3;0;6;1;0;0;13;1;182;3;1;1;103.0;1;4
25;8;2;2;0;486;0;0;0;13;3;199;4;0;1;273.0;2;9
56;5;1;2;0;230;0;0;0;8;1;92;2;0;0;167.0;2;9
29;9;2;2;0;113;0;0;0;12;2;183;4;1;1;328.0;2;2
31;4;2;3;0;12569;0;0;0;9;1;295;1;0;1;344.0;2;9
28;0;2;3;0;832;0;0;1;29;3;342;1;0;1;433.0;2;3
32;4;1;3;0;1331;0;0;0;12;1;92;5;0;1;126.0;2;11
38;1;1;2;0;1165;1;0;0;13;3;94;10;0;1;784.0;2;8
25;7;1;2;0;10;1;0;0;7;1;294;1;0;0;51.0;1;5
45;9;0;2;0;1738;0;0;0;21;1;106;2;0;0;79.0;1;11
38;4;2;3;0;455;1;0;0;19;2;555;6;1;1;255.0;2;2
44;6;0;3;0;1070;1;0;0;12;2;104;3;1;1;137.0;1;8
43;4;2;3;0;0;0;0;0;30;2;296;1;0;1;275.0;2;6
36;0;2;2;0;507;1;0;0;18;1;300;2;1;0;264.0;2;5
37;4;0;3;0;488;1;0;0;17;1;854;2;0;1;328.0;1;9
36;4;0;3;0;1057;0;0;0;19;2;164;2;0;1;230.0;1;7
61;0;1;3;0;4629;1;0;0;29;3;183;2;1;1;349.0;2;7
48;10;1;2;0;926;0;0;0;12;2;178;10;1;1;504.0;2;8
46;7;0;2;0;-179;0;0;0;2;1;214;2;0;0;151.0;1;2
48;4;1;3;0;2351;0;0;0;15;1;105;3;1;1;150.0;2;9
40;1;1;2;0;5060;0;0;0;10;2;93;1;1;1;154.0;1;2
49;0;1;2;0;3608;1;0;0;30;1;168;1;1;1;252.0;2;4
32;0;2;3;0;1531;1;0;0;15;1;352;5;0;0;58.0;1;5
37;0;2;3;0;1000;1;0;0;22;1;99;2;1;1;239.0;2;9
69;5;1;3;0;426;0;0;1;10;2;185;2;1;1;211.0;2;9
36;0;1;2;0;498;1;0;0;29;1;253;1;0;0;151.0;2;1
34;9;2;3;0;586;1;0;0;3;5;263;2;0;0;43.0;2;2
40;4;1;3;0;0;0;0;0;6;2;98;6;1;1;131.0;2;8
45;10;1;2;0;-407;1;0;0;15;3;371;2;0;0;320.0;2;5
34;10;1;2;0;978;0;0;0;3;2;71;1;1;1;262.0;2;6
33;4;1;3;0;1778;0;0;0;26;1;103;1;1;0;134.0;1;5
53;5;1;3;0;2269;0;0;0;17;2;150;1;1;1;1091.0;1;11
44;9;0;2;0;14;0;0;0;13;1;92;1;1;1;167.0;2;11
35;9;1;3;0;7050;0;0;0;11;3;182;4;1;1;222.0;1;8
30;8;2;3;0;809;0;0;0;20;5;171;2;0;0;26.0;2;11
48;0;2;2;0;1544;1;0;1;30;1;450;2;0;1;263.0;2;6
35;4;2;3;0;2646;0;0;0;13;1;182;1;1;1;221.0;2;10
34;7;1;2;0;1076;0;0;0;12;1;182;6;1;1;152.0;2;5
41;4;1;3;0;2487;0;0;0;5;1;97;1;0;0;206.0;2;8
26;4;2;3;0;943;0;0;0;11;1;195;1;1;1;166.0;2;11
34;9;2;3;0;144;1;1;0;14;1;85;19;0;0;104.0;1;10
49;4;1;3;0;5887;0;0;0;2;3;293;2;0;1;181.0;2;6
50;2;1;3;0;388;1;0;0;11;4;329;2;0;0;258.0;1;5
31;1;1;2;0;625;1;0;0;2;2;49;3;0;1;135.0;1;7
48;4;2;3;0;-295;0;1;0;28;1;190;2;0;0;121.0;2;1
35;4;2;3;0;1494;1;0;0;6;1;169;2;1;0;311.0;1;5
35;10;1;2;0;978;0;0;0;29;3;209;3;1;1;1370.0;2;12
32;8;2;3;0;64;0;0;0;30;4;105;5;0;1;598.0;2;6
48;4;2;3;0;334;1;0;0;28;2;92;12;1;1;600.0;2;9
42;1;2;2;0;1080;1;1;0;13;3;370;4;0;1;951.0;2;5
27;8;2;3;0;5291;0;0;0;12;2;92;2;0;1;192.0;2;11
53;4;1;3;0;1624;0;0;0;11;3;97;7;1;1;166.0;2;11
52;1;1;2;0;955;0;1;0;3;1;48;3;1;1;153.0;2;2
32;4;2;3;0;6542;1;0;0;15;4;175;5;0;1;1598.0;2;5
22;8;2;3;0;691;0;0;0;30;5;103;1;1;1;260.0;2;11
28;8;2;3;0;78;0;0;0;4;3;310;2;0;1;232.0;2;12
29;8;2;2;0;67;0;0;0;23;1;187;5;1;1;211.0;2;2
35;4;2;3;0;1396;1;0;0;13;1;300;1;0;1;809.0;1;5
34;9;2;2;0;1279;1;0;0;21;3;91;10;1;1;339.0;2;10
39;4;1;3;0;119;1;0;0;1;2;476;4;1;1;265.0;2;9
53;1;1;2;0;380;1;1;0;6;1;302;1;0;0;42.0;2;5
54;4;1;3;0;2960;1;0;0;13;9;85;1;0;0;94.0;2;2
41;7;1;2;0;0;1;1;0;4;2;122;2;0;1;352.0;2;6
42;1;1;1;0;201;1;0;0;30;1;85;2;0;1;841.0;1;4
37;1;1;2;0;590;1;0;0;17;1;343;2;0;0;37.0;2;4
51;4;1;3;0;346;0;0;0;12;2;192;3;0;1;134.0;2;11
54;10;1;2;0;582;1;0;0;15;5;372;2;0;1;693.0;2;5
42;10;1;1;1;-581;1;0;0;13;1;370;2;0;0;224.0;2;5
62;5;1;2;0;2917;0;0;0;12;1;188;1;1;0;147.0;2;4
32;4;2;3;0;935;0;0;0;10;2;375;5;0;1;161.0;1;8
33;9;2;3;0;1636;1;0;0;4;1;66;1;1;1;592.0;2;5
25;8;2;2;0;154;0;0;0;2;1;183;3;1;1;382.0;2;9
41;0;1;3;0;1536;0;0;0;7;1;95;2;0;1;273.0;2;8
36;4;1;3;0;5367;0;0;0;31;1;455;2;0;0;324.0;1;8
28;7;2;2;0;339;0;0;0;3;1;182;1;1;1;350.0;2;12
58;9;1;2;0;3399;0;0;1;30;2;188;8;1;1;1628.0;1;11
55;9;1;2;0;10185;0;0;0;11;1;180;4;1;0;248.0;2;8
49;1;1;1;0;816;1;0;0;17;1;260;7;0;0;76.0;2;4
27;9;2;2;0;2;1;1;0;6;2;356;1;0;1;554.0;1;5
33;9;1;2;0;133;0;0;0;12;2;192;1;1;1;627.0;1;11
40;0;1;2;0;260;1;0;0;13;1;181;5;1;1;306.0;1;5
31;0;1;2;0;35;0;0;0;13;2;105;1;1;1;315.0;2;8
45;4;1;3;0;7154;1;0;0;19;3;111;3;0;0;93.0;1;11
39;4;2;3;0;763;0;0;0;22;1;189;1;0;1;543.0;2;2
40;9;1;1;0;644;1;0;0;16;2;336;1;0;0;118.0;1;4
27;0;1;3;0;2855;0;0;0;25;1;301;3;0;1;240.0;1;1
27;9;2;2;0;126;1;1;0;5;2;216;4;0;0;147.0;2;2
34;9;1;2;0;0;1;0;0;5;2;2;3;1;1;231.0;1;8
28;9;2;3;0;0;1;0;0;25;1;40;2;0;1;269.0;2;5
36;2;2;3;0;658;1;0;0;29;1;227;3;0;0;99.0;1;1
